id;nombre;dni;direccion;email;horas_vuelo;foto;foto_content_type
1;Jordania monetize Reducido;"86855012M";Verde;")@Kub>.C2v";44606;../fake-data/blob/hipster.png;image/png
2;transition;"78125038S";input;"w\E@%{KF.FQpx";8390;../fake-data/blob/hipster.png;image/png
3;Loan;"60480349L";Respuesta Savings;"3c@K.y";97342;../fake-data/blob/hipster.png;image/png
4;aX;"91145481Z";Papelería;"kL?o)@96.SYvJz";21340;../fake-data/blob/hipster.png;image/png
5;Amigable;"92821675P";protocol Arrabal;"LO@]^B'e.)4ah8";16946;../fake-data/blob/hipster.png;image/png
6;Respuesta Yemeni;"74502348L";Bangladesh Contabilidad;";{3@xN*-..Q.";13105;../fake-data/blob/hipster.png;image/png
7;Bedfordshire Deportes;"39235698E";Reducido Usabilidad;"J?F(i-@'.QLt";3827;../fake-data/blob/hipster.png;image/png
8;Operaciones Moda;"06127480T";generación Murcia;"U_0@<.p";44006;../fake-data/blob/hipster.png;image/png
9;Optimización embrace connecting;"87275422T";Cine Azul recíproca;"qG-v@$(E6C.]+";41902;../fake-data/blob/hipster.png;image/png
10;connecting;"44834012E";copying Funcionalidad convergence;"W@[/A]X.x";52935;../fake-data/blob/hipster.png;image/png
