id;nombre;dni;direccion;email;foto;foto_content_type
1;web application;"03804907M";bypassing Gris;"!p3@zS.ejJ`";../fake-data/blob/hipster.png;image/png
2;Programa;"89996627W";Refinado;"e@cvUPR.'";../fake-data/blob/hipster.png;image/png
3;Violeta auxiliary;"26307715T";generate hack;"Q@=-Xb}=.DwPE";../fake-data/blob/hipster.png;image/png
4;primary;"84771624E";Guapa transicional;"07@5jA.S\";../fake-data/blob/hipster.png;image/png
5;calculating;"75356810M";Torrente Queso Iraqi;"D<_T~p@s6vvuR.*|s";../fake-data/blob/hipster.png;image/png
6;Ladrillo;"17177531W";capa;")O@F<.FoY4:^";../fake-data/blob/hipster.png;image/png
7;SecciÃ³n;"67752791Q";interfaz;"A&p2@v2.%Y.V";../fake-data/blob/hipster.png;image/png
8;calculating override;"69094740B";Ladrillo transmitting;"Xt7O#7@D$X4]Z.U";../fake-data/blob/hipster.png;image/png
9;Cuentas;"70330458F";Avon SCSI alarm;"WZ>OI@dEfI.hV8U$8";../fake-data/blob/hipster.png;image/png
10;cross-platform Guinea-Bisau Coordinador;"93103716W";Credit hardware;"$kTY@|7.X?~";../fake-data/blob/hipster.png;image/png
